pos_x,pos_y,rotation,side,designator,mpn,pack,footprint,value,mount_type
264.3915,-153.745,180.0,bottom,BOOT1,,,SW_SPST_TL3342,SW_Push,smt
199.4115,-134.505,180.0,bottom,C1,,,C_0402_1005Metric,1u,smt
226.0815,-160.115,180.0,bottom,C10,,,C_0402_1005Metric,1u,smt
237.3115,-160.805,0.0,bottom,C11,,,C_0402_1005Metric,100n,smt
225.0615,-165.555,-90.0,bottom,C12,,,C_0402_1005Metric,100n,smt
230.4415,-156.145,90.0,bottom,C13,,,C_0402_1005Metric,100n,smt
237.5515,-164.695,0.0,bottom,C14,,,C_0402_1005Metric,100n,smt
221.7715,-160.065,180.0,bottom,C15,,,C_0402_1005Metric,100n,smt
231.1715,-169.815,-90.0,bottom,C16,,,C_0402_1005Metric,100n,smt
204.2815,-138.125,90.0,bottom,C2,,,C_0402_1005Metric,1u,smt
237.3565,-173.1,90.0,bottom,C3,,,C_0402_1005Metric,22p,smt
232.7065,-173.78,-90.0,bottom,C4,,,C_0402_1005Metric,22p,smt
235.1215,-156.505,180.0,bottom,C5,,,C_0402_1005Metric,1u,smt
221.8015,-158.875,180.0,bottom,C6,,,C_0402_1005Metric,1u,smt
230.1215,-169.825,-90.0,bottom,C7,,,C_0402_1005Metric,100n,smt
231.5115,-156.145,90.0,bottom,C8,,,C_0402_1005Metric,100n,smt
214.6115,-159.195,180.0,bottom,C9,,,C_0603_1608Metric,10u,smt
72.3415,-93.5125,90.0,bottom,D1,,,D_SOD-123,D,smt
253.4815,-94.3125,90.0,bottom,D10,,,D_SOD-123,D,smt
272.4915,-94.2225,90.0,bottom,D11,,,D_SOD-123,D,smt
291.4015,-94.0925,90.0,bottom,D12,,,D_SOD-123,D,smt
310.6715,-94.4125,90.0,bottom,D13,,,D_SOD-123,D,smt
329.6115,-94.1225,90.0,bottom,D14,,,D_SOD-123,D,smt
348.6215,-94.2225,90.0,bottom,D15,,,D_SOD-123,D,smt
386.9215,-94.6525,90.0,bottom,D16,,,D_SOD-123,D,smt
248.9515,-171.905,90.0,bottom,D17,,,D_SOD-123,D,smt
415.4215,-94.2225,90.0,bottom,D18,,,D_SOD-123,D,smt
434.1015,-94.275,90.0,bottom,D19,,,D_SOD-123,D,smt
91.3815,-93.685,90.0,bottom,D2,,,D_SOD-123,D,smt
453.2115,-94.405,90.0,bottom,D20,,,D_SOD-123,D,smt
72.3715,-113.0425,90.0,bottom,D21,,,D_SOD-123,D,smt
91.4415,-113.0425,90.0,bottom,D22,,,D_SOD-123,D,smt
124.8915,-113.0925,90.0,bottom,D23,,,D_SOD-123,D,smt
148.7115,-113.2325,90.0,bottom,D24,,,D_SOD-123,D,smt
167.8315,-113.6225,90.0,bottom,D25,,,D_SOD-123,D,smt
186.7615,-113.3825,90.0,bottom,D26,,,D_SOD-123,D,smt
205.8815,-113.1325,90.0,bottom,D27,,,D_SOD-123,D,smt
224.8015,-113.4725,90.0,bottom,D28,,,D_SOD-123,D,smt
243.7315,-113.1825,90.0,bottom,D29,,,D_SOD-123,D,smt
119.9315,-94.6125,90.0,bottom,D3,,,D_SOD-123,D,smt
262.8015,-113.5725,90.0,bottom,D30,,,D_SOD-123,D,smt
281.8215,-113.305,90.0,bottom,D31,,,D_SOD-123,D,smt
301.1415,-113.6725,90.0,bottom,D32,,,D_SOD-123,D,smt
319.6815,-113.495,90.0,bottom,D33,,,D_SOD-123,D,smt
338.9915,-113.695,90.0,bottom,D34,,,D_SOD-123,D,smt
367.6115,-95.1925,90.0,bottom,D35,,,D_SOD-123,D,smt
382.3215,-113.9125,90.0,bottom,D36,,,D_SOD-123,D,smt
415.3515,-113.3925,90.0,bottom,D37,,,D_SOD-123,D,smt
434.6815,-113.445,90.0,bottom,D38,,,D_SOD-123,D,smt
453.4715,-113.1325,90.0,bottom,D39,,,D_SOD-123,D,smt
139.0515,-94.4425,90.0,bottom,D4,,,D_SOD-123,D,smt
72.0515,-132.705,90.0,bottom,D40,,,D_SOD-123,D,smt
91.7315,-132.865,90.0,bottom,D41,,,D_SOD-123,D,smt
138.04375,-125.655,-90.0,bottom,D42,,,D_SOD-123,D,smt
153.3315,-132.615,90.0,bottom,D43,,,D_SOD-123,D,smt
172.4515,-132.665,90.0,bottom,D44,,,D_SOD-123,D,smt
191.4715,-132.245,90.0,bottom,D45,,,D_SOD-123,D,smt
210.9715,-132.825,90.0,bottom,D46,,,D_SOD-123,D,smt
229.3315,-132.715,90.0,bottom,D47,,,D_SOD-123,D,smt
248.8615,-132.5925,90.0,bottom,D48,,,D_SOD-123,D,smt
267.6715,-132.5625,90.0,bottom,D49,,,D_SOD-123,D,smt
157.9815,-94.5025,90.0,bottom,D5,,,D_SOD-123,D,smt
286.9115,-132.455,90.0,bottom,D50,,,D_SOD-123,D,smt
306.0415,-132.2725,90.0,bottom,D51,,,D_SOD-123,D,smt
324.8215,-132.1125,90.0,bottom,D52,,,D_SOD-123,D,smt
343.8615,-132.195,90.0,bottom,D53,,,D_SOD-123,D,smt
374.6815,-132.745,90.0,bottom,D54,,,D_SOD-123,D,smt
415.2615,-132.9425,90.0,bottom,D55,,,D_SOD-123,D,smt
434.4615,-132.8125,90.0,bottom,D56,,,D_SOD-123,D,smt
453.4015,-132.6525,90.0,bottom,D57,,,D_SOD-123,D,smt
72.5215,-151.7125,90.0,bottom,D58,,,D_SOD-123,D,smt
91.2415,-151.8625,90.0,bottom,D59,,,D_SOD-123,D,smt
177.2415,-94.3125,90.0,bottom,D6,,,D_SOD-123,D,smt
121.9515,-151.7825,90.0,bottom,D60,,,D_SOD-123,D,smt
334.0815,-151.2925,90.0,bottom,D61,,,D_SOD-123,D,smt
144.0915,-151.895,90.0,bottom,D62,,,D_SOD-123,D,smt
162.7115,-152.1925,90.0,bottom,D63,,,D_SOD-123,D,smt
181.8215,-151.8125,90.0,bottom,D64,,,D_SOD-123,D,smt
200.9515,-151.795,90.0,bottom,D65,,,D_SOD-123,D,smt
219.6715,-151.985,90.0,bottom,D66,,,D_SOD-123,D,smt
232.3615,-149.345,90.0,bottom,D67,,,D_SOD-123,D,smt
270.6215,-151.135,90.0,bottom,D68,,,D_SOD-123,D,smt
277.1015,-151.2725,90.0,bottom,D69,,,D_SOD-123,D,smt
196.0015,-94.375,90.0,bottom,D7,,,D_SOD-123,D,smt
296.5215,-151.425,90.0,bottom,D70,,,D_SOD-123,D,smt
315.1315,-151.2125,90.0,bottom,D71,,,D_SOD-123,D,smt
360.5715,-151.6825,90.0,bottom,D72,,,D_SOD-123,D,smt
415.6715,-151.7025,90.0,bottom,D73,,,D_SOD-123,D,smt
434.3015,-151.665,90.0,bottom,D74,,,D_SOD-123,D,smt
453.6615,-151.375,90.0,bottom,D75,,,D_SOD-123,D,smt
72.0815,-170.615,90.0,bottom,D76,,,D_SOD-123,D,smt
91.5915,-170.8325,90.0,bottom,D77,,,D_SOD-123,D,smt
160.4415,-170.825,90.0,bottom,D78,,,D_SOD-123,D,smt
181.8815,-170.915,90.0,bottom,D79,,,D_SOD-123,D,smt
215.0415,-94.135,90.0,bottom,D8,,,D_SOD-123,D,smt
324.4115,-170.925,90.0,bottom,D81,,,D_SOD-123,D,smt
346.0915,-170.925,90.0,bottom,D82,,,D_SOD-123,D,smt
415.2315,-170.635,90.0,bottom,D83,,,D_SOD-123,D,smt
434.4415,-170.545,90.0,bottom,D84,,,D_SOD-123,D,smt
453.3715,-170.685,90.0,bottom,D85,,,D_SOD-123,D,smt
386.8115,-151.905,90.0,bottom,D86,,,D_SOD-123,D,smt
358.2115,-114.225,90.0,bottom,D87,,,D_SOD-123,D,smt
234.4115,-94.1225,90.0,bottom,D9,,,D_SOD-123,D,smt
102.6615,-97.945,-90.0,bottom,F1,,,Fuse_1206_3216Metric,Fuse_Small,smt
106.0665,-104.945,-90.0,bottom,J1,,,MOLEX_781710004,Conn_01x04_Socket,smt
227.1415,-174.155,90.0,bottom,J2,,,PinHeader_1x05_P2.54mm_Vertical,Conn_01x05,tht
108.1615,-86.445,0.0,bottom,J3,,,USB_C_Receptacle_HRO_TYPE-C-31-M-12,USB_C_Receptacle_USB2.0,smt
225.2415,-170.545,-90.0,bottom,R1,,,R_0402_1005Metric,5.1k,smt
256.9715,-152.375,180.0,bottom,R2,,,R_0402_1005Metric,5.1k,smt
257.0015,-153.475,0.0,bottom,R3,,,R_0402_1005Metric,5.1k,smt
256.9615,-154.615,180.0,bottom,R4,,,R_0402_1005Metric,1k,smt
232.5765,-171.62,90.0,bottom,R5,,,R_0402_1005Metric,1k,smt
221.2815,-156.765,0.0,bottom,R6,,,R_0402_1005Metric,27,smt
221.2615,-157.805,0.0,bottom,R7,,,R_0402_1005Metric,27,smt
110.6615,-93.445,0.0,bottom,R8,,,R_0402_1005Metric,5.1k,smt
105.6615,-93.445,180.0,bottom,R9,,,R_0402_1005Metric,5.1k,smt
216.1715,-169.055,180.0,bottom,RST1,,,SW_SPST_TL3342,SW_Push,smt
389.8,-90.455,0.0,top,SW1,,,SW_Hotswap_Kailh_MX_Plated_2.00u,SW_Push,smt
218.35,-90.455,0.0,top,SW10,,,SW_Hotswap_Kailh_MX_Plated_1.00u,SW_Push,smt
237.4,-90.455,0.0,top,SW11,,,SW_Hotswap_Kailh_MX_Plated_1.00u,SW_Push,smt
256.45,-90.455,0.0,top,SW12,,,SW_Hotswap_Kailh_MX_Plated_1.00u,SW_Push,smt
275.5,-90.455,0.0,top,SW13,,,SW_Hotswap_Kailh_MX_Plated_1.00u,SW_Push,smt
294.55,-90.455,0.0,top,SW14,,,SW_Hotswap_Kailh_MX_Plated_1.00u,SW_Push,smt
313.6,-90.455,0.0,top,SW15,,,SW_Hotswap_Kailh_MX_Plated_1.00u,SW_Push,smt
332.65,-90.455,0.0,top,SW16,,,SW_Hotswap_Kailh_MX_Plated_1.00u,SW_Push,smt
351.7,-90.455,0.0,top,SW17,,,SW_Hotswap_Kailh_MX_Plated_1.00u,SW_Push,smt
258.83125,-166.655,180.0,top,SW18,,,SW_Hotswap_Kailh_MX_Plated_6.25u,SW_Push,smt
418.36,-90.455,0.0,top,SW19,,,SW_Hotswap_Kailh_MX_Plated_1.00u,SW_Push,smt
437.41,-90.455,0.0,top,SW20,,,SW_Hotswap_Kailh_MX_Plated_1.00u,SW_Push,smt
456.46,-90.455,0.0,top,SW21,,,SW_Hotswap_Kailh_MX_Plated_1.00u,SW_Push,smt
75.46,-109.505,0.0,top,SW22,,,SW_Hotswap_Kailh_MX_Plated_1.00u,SW_Push,smt
94.51,-109.505,0.0,top,SW23,,,SW_Hotswap_Kailh_MX_Plated_1.00u,SW_Push,smt
127.8625,-109.505,0.0,top,SW24,,,SW_Hotswap_Kailh_MX_Plated_1.50u,SW_Push,smt
151.675,-109.505,0.0,top,SW25,,,SW_Hotswap_Kailh_MX_Plated_1.00u,SW_Push,smt
170.725,-109.505,0.0,top,SW26,,,SW_Hotswap_Kailh_MX_Plated_1.00u,SW_Push,smt
189.775,-109.505,0.0,top,SW27,,,SW_Hotswap_Kailh_MX_Plated_1.00u,SW_Push,smt
208.825,-109.505,0.0,top,SW28,,,SW_Hotswap_Kailh_MX_Plated_1.00u,SW_Push,smt
227.875,-109.505,0.0,top,SW29,,,SW_Hotswap_Kailh_MX_Plated_1.00u,SW_Push,smt
75.46,-90.455,0.0,top,SW3,,,SW_Hotswap_Kailh_MX_Plated_1.00u,SW_Push,smt
246.925,-109.505,0.0,top,SW30,,,SW_Hotswap_Kailh_MX_Plated_1.00u,SW_Push,smt
265.975,-109.505,0.0,top,SW31,,,SW_Hotswap_Kailh_MX_Plated_1.00u,SW_Push,smt
285.025,-109.505,0.0,top,SW32,,,SW_Hotswap_Kailh_MX_Plated_1.00u,SW_Push,smt
304.075,-109.505,0.0,top,SW33,,,SW_Hotswap_Kailh_MX_Plated_1.00u,SW_Push,smt
323.125,-109.505,0.0,top,SW34,,,SW_Hotswap_Kailh_MX_Plated_1.00u,SW_Push,smt
342.175,-109.505,0.0,top,SW35,,,SW_Hotswap_Kailh_MX_Plated_1.00u,SW_Push,smt
370.75,-90.455,0.0,top,SW36,,,SW_Hotswap_Kailh_MX_Plated_1.00u,SW_Push,smt
385.0375,-109.505,0.0,top,SW37,,,SW_Hotswap_Kailh_MX_Plated_1.50u,SW_Push,smt
418.36,-109.505,0.0,top,SW38,,,SW_Hotswap_Kailh_MX_Plated_1.00u,SW_Push,smt
437.41,-109.505,0.0,top,SW39,,,SW_Hotswap_Kailh_MX_Plated_1.00u,SW_Push,smt
94.51,-90.455,0.0,top,SW4,,,SW_Hotswap_Kailh_MX_Plated_1.00u,SW_Push,smt
456.46,-109.505,0.0,top,SW40,,,SW_Hotswap_Kailh_MX_Plated_1.00u,SW_Push,smt
130.24375,-128.555,180.0,top,SW41,,,SW_Hotswap_Kailh_MX_Plated_1.75u,SW_Push,smt
75.46,-128.555,0.0,top,SW42,,,SW_Hotswap_Kailh_MX_Plated_1.00u,SW_Push,smt
94.51,-128.555,0.0,top,SW43,,,SW_Hotswap_Kailh_MX_Plated_1.00u,SW_Push,smt
125.53,-128.57,0.0,top,SW44,,,SW_Hotswap_Kailh_MX_Plated_1.25u,SW_Push,smt
156.4375,-128.555,0.0,top,SW45,,,SW_Hotswap_Kailh_MX_Plated_1.00u,SW_Push,smt
175.4875,-128.555,0.0,top,SW46,,,SW_Hotswap_Kailh_MX_Plated_1.00u,SW_Push,smt
194.5375,-128.555,0.0,top,SW47,,,SW_Hotswap_Kailh_MX_Plated_1.00u,SW_Push,smt
213.5875,-128.555,0.0,top,SW48,,,SW_Hotswap_Kailh_MX_Plated_1.00u,SW_Push,smt
232.6375,-128.555,0.0,top,SW49,,,SW_Hotswap_Kailh_MX_Plated_1.00u,SW_Push,smt
123.1,-90.455,0.0,top,SW5,,,SW_Hotswap_Kailh_MX_Plated_1.00u,SW_Push,smt
251.6875,-128.555,0.0,top,SW50,,,SW_Hotswap_Kailh_MX_Plated_1.00u,SW_Push,smt
270.7375,-128.555,0.0,top,SW51,,,SW_Hotswap_Kailh_MX_Plated_1.00u,SW_Push,smt
289.7875,-128.555,0.0,top,SW52,,,SW_Hotswap_Kailh_MX_Plated_1.00u,SW_Push,smt
308.8375,-128.555,0.0,top,SW53,,,SW_Hotswap_Kailh_MX_Plated_1.00u,SW_Push,smt
327.8875,-128.555,0.0,top,SW54,,,SW_Hotswap_Kailh_MX_Plated_1.00u,SW_Push,smt
346.9375,-128.555,0.0,top,SW55,,,SW_Hotswap_Kailh_MX_Plated_1.00u,SW_Push,smt
377.89375,-128.555,0.0,top,SW56,,,SW_Hotswap_Kailh_MX_Plated_2.25u,SW_Push,smt
418.36,-128.555,0.0,top,SW57,,,SW_Hotswap_Kailh_MX_Plated_1.00u,SW_Push,smt
437.41,-128.555,0.0,top,SW58,,,SW_Hotswap_Kailh_MX_Plated_1.00u,SW_Push,smt
456.46,-128.555,0.0,top,SW59,,,SW_Hotswap_Kailh_MX_Plated_1.00u,SW_Push,smt
142.15,-90.455,0.0,top,SW6,,,SW_Hotswap_Kailh_MX_Plated_1.00u,SW_Push,smt
337.4125,-147.605,0.0,top,SW60,,,SW_Hotswap_Kailh_MX_Plated_1.00u,SW_Push,smt
125.53,-147.62,0.0,top,SW61,,,SW_Hotswap_Kailh_MX_Plated_2.25u,SW_Push,smt
361.225,-109.505,0.0,top,SW62,,,SW_Hotswap_Kailh_MX_Plated_1.00u,SW_Push,smt
389.8,-147.605,0.0,top,SW64,,,SW_Hotswap_Kailh_MX_Plated_1.00u,SW_Push,smt
75.46,-147.605,0.0,top,SW66,,,SW_Hotswap_Kailh_MX_Plated_1.00u,SW_Push,smt
94.51,-147.605,0.0,top,SW67,,,SW_Hotswap_Kailh_MX_Plated_1.00u,SW_Push,smt
146.9125,-147.605,0.0,top,SW68,,,SW_Hotswap_Kailh_MX_Plated_1.00u,SW_Push,smt
165.9625,-147.605,0.0,top,SW69,,,SW_Hotswap_Kailh_MX_Plated_1.00u,SW_Push,smt
161.2,-90.455,0.0,top,SW7,,,SW_Hotswap_Kailh_MX_Plated_1.00u,SW_Push,smt
185.0125,-147.605,0.0,top,SW70,,,SW_Hotswap_Kailh_MX_Plated_1.00u,SW_Push,smt
204.0625,-147.605,0.0,top,SW71,,,SW_Hotswap_Kailh_MX_Plated_1.00u,SW_Push,smt
223.1125,-147.605,0.0,top,SW72,,,SW_Hotswap_Kailh_MX_Plated_1.00u,SW_Push,smt
242.1625,-147.605,0.0,top,SW73,,,SW_Hotswap_Kailh_MX_Plated_1.00u,SW_Push,smt
261.2125,-147.605,0.0,top,SW74,,,SW_Hotswap_Kailh_MX_Plated_1.00u,SW_Push,smt
280.2625,-147.605,0.0,top,SW75,,,SW_Hotswap_Kailh_MX_Plated_1.00u,SW_Push,smt
299.3125,-147.605,0.0,top,SW76,,,SW_Hotswap_Kailh_MX_Plated_1.00u,SW_Push,smt
318.3625,-147.605,0.0,top,SW77,,,SW_Hotswap_Kailh_MX_Plated_1.00u,SW_Push,smt
418.36,-147.605,0.0,top,SW78,,,SW_Hotswap_Kailh_MX_Plated_1.00u,SW_Push,smt
437.41,-147.605,0.0,top,SW79,,,SW_Hotswap_Kailh_MX_Plated_1.00u,SW_Push,smt
180.25,-90.455,0.0,top,SW8,,,SW_Hotswap_Kailh_MX_Plated_1.00u,SW_Push,smt
456.46,-147.605,0.0,top,SW80,,,SW_Hotswap_Kailh_MX_Plated_1.00u,SW_Push,smt
75.46,-166.655,0.0,top,SW81,,,SW_Hotswap_Kailh_MX_Plated_1.00u,SW_Push,smt
94.51,-166.655,0.0,top,SW82,,,SW_Hotswap_Kailh_MX_Plated_1.00u,SW_Push,smt
163.41375,-166.655,0.0,top,SW83,,,SW_Hotswap_Kailh_MX_Plated_1.00u,SW_Push,smt
184.845,-166.655,0.0,top,SW84,,,SW_Hotswap_Kailh_MX_Plated_1.25u,SW_Push,smt
327.72,-166.655,0.0,top,SW86,,,SW_Hotswap_Kailh_MX_Plated_1.25u,SW_Push,smt
349.15125,-166.655,0.0,top,SW87,,,SW_Hotswap_Kailh_MX_Plated_1.00u,SW_Push,smt
418.36,-166.655,0.0,top,SW88,,,SW_Hotswap_Kailh_MX_Plated_1.00u,SW_Push,smt
437.41,-166.655,0.0,top,SW89,,,SW_Hotswap_Kailh_MX_Plated_1.00u,SW_Push,smt
199.3,-90.455,0.0,top,SW9,,,SW_Hotswap_Kailh_MX_Plated_1.00u,SW_Push,smt
456.46,-166.655,0.0,top,SW90,,,SW_Hotswap_Kailh_MX_Plated_1.00u,SW_Push,smt
363.60625,-147.605,0.0,top,SW96,,,SW_Hotswap_Kailh_MX_Plated_2.75u,SW_Push,smt
200.324,-138.045,180.0,bottom,U1,,,SOT-23-3,XC6206PxxxMR,smt
231.4915,-163.685,180.0,bottom,U2,,,QFN-56-1EP_7x7mm_P0.4mm_EP3.2x3.2mm,RP2040,smt
243.834,-153.07,180.0,bottom,U3,,,SOIC-8_5.23x5.23mm_P1.27mm,W25Q128JVS,smt
109.1615,-97.945,180.0,bottom,U4,,,SOT-23-6_Handsoldering,SRV05-4,smt
235.0765,-172.64,90.0,bottom,Y1,,,Crystal_SMD_3225-4Pin_3.2x2.5mm,Crystal_GND24,smt
